<?xml version="1.0" encoding="UTF-8"?>
<site>
   <description url="Eclipse Git Plugin">
      This is a pure Java implementation of the Git version control system and integrates it into Eclipse.
   </description>
   <feature url="features/org.eclipse.egit_0.0.0.qualifier.jar" id="org.eclipse.egit" version="0.0.0" patch="true">
      <category name="Eclipse Git Team Provider"/>
   </feature>
   <feature url="features/org.eclipse.egit.sources_0.0.0.qualifier.jar" id="org.eclipse.egit.source" version="0.0.0" patch="true">
      <category name="Eclipse Git Team Provider"/>
   </feature>
   <feature url="features/org.eclipse.egit.mylyn_0.0.0.qualifier.jar" id="org.eclipse.egit.mylyn" version="0.0.0">
      <category name="Eclipse Git Team Provider"/>
   </feature>
   <feature url="features/org.eclipse.jgit_0.0.0.qualifier.jar" id="org.eclipse.jgit" version="0.0.0" patch="true">
      <category name="JGit"/>
   </feature>
   <feature url="features/org.eclipse.jgit.source_0.0.0.qualifier.jar" id="org.eclipse.jgit.source" version="0.0.0" patch="true">
      <category name="JGit"/>
   </feature>
   <feature url="features/org.eclipse.jgit.pgm_0.0.0.qualifier.jar" id="org.eclipse.jgit.pgm" version="0.0.0" patch="true">
      <category name="JGit"/>
   </feature>
   <feature url="features/org.eclipse.jgit.pgm.source_0.0.0.qualifier.jar" id="org.eclipse.jgit.pgm.source" version="0.0.0" patch="true">
      <category name="JGit"/>
   </feature>
   <feature url="features/org.eclipse.jgit.java7_0.0.0.jar" id="org.eclipse.jgit.java7" version="0.0.0">
      <category name="JGit"/>
   </feature>
   <feature url="features/org.eclipse.jgit.http.apache_0.0.0.qualifier.jar" id="org.eclipse.jgit.http.apache" version="0.0.0">
      <category name="JGit"/>
   </feature>
   <category-def name="Eclipse Git Team Provider" label="Eclipse Git Team Provider">
      <description>
         Eclipse Git Team Provider
      </description>
   </category-def>
   <category-def name="JGit" label="JGit">
      <description>
         JGit
      </description>
   </category-def>
</site>
